# Pin Out For MachXO5-NX 25K,,,,,,,,,
# Revision 0.90,,,,,,,,,
"# Revised May, 5, 2022",,,,,,,,,
# Initial release based on PKT ver7,,,,,,,,,
# Revision 1.00,,,,,,,,,
"# Revised May, 21, 2023",,,,,,,,,
# Final release,,,,,,,,,
,,,,,,,,,
PADN,Pin/Ball Function,CUST_NAME,BANK,DQS,Dual Function,LVDS,HIGHSPEED,BBG400,BBG256
8,PL2A,-,9,-,ULC_GPLL0T_IN/EIO,True_OF_PL2B,-,B1,B1
9,PL2B,-,9,-,EIO,Comp_OF_PL2A,-,C1,C1
13,PL3A,-,9,-,ULC_GPLL0T_MFGOUT1/EIO,True_OF_PL3B,-,D2,D2
14,PL3B,-,9,-,ULC_GPLL0T_MFGOUT2/EIO,Comp_OF_PL3A,-,D1,D1
19,PL4A,-,9,-,EIO,True_OF_PL4B,-,E3,E3
20,PL4B,-,9,-,EIO,Comp_OF_PL4A,-,E2,E2
22,PL5A,-,9,-,EIO,True_OF_PL5B,-,E1,E1
23,PL5B,-,9,-,EIO,Comp_OF_PL5A,-,F1,F1
26,PL6A,-,9,-,EIO,True_OF_PL6B,-,G6,F7
27,PL6B,-,9,-,EIO,Comp_OF_PL6A,-,G5,G7
30,PL7A,-,9,-,EIO,True_OF_PL7B,-,G4,F6
31,PL7B,-,9,-,EIO,Comp_OF_PL7A,-,G3,F5
37,PL8A,-,9,-,EIO,True_OF_PL8B,-,G2,G6
38,PL8B,-,9,-,EIO,Comp_OF_PL8A,-,G1,G5
41,PL9A,-,9,-,EIO,True_OF_PL9B,-,H7,G2
42,PL9B,-,9,-,EIO,Comp_OF_PL9A,-,J7,G1
46,PL10A,-,9,-,EIO,True_OF_PL10B,-,H6,H7
47,PL10B,-,9,-,EIO,Comp_OF_PL10A,-,H5,H6
50,PL11A,-,9,-,EIO,True_OF_PL11B,-,H2,H5
51,PL11B,-,9,-,EIO,Comp_OF_PL11A,-,H1,H4
57,PL12A,-,9,-,EIO,True_OF_PL12B,-,J8,H3
58,PL12B,-,9,-,EIO,Comp_OF_PL12A,-,K8,H2
60,PL13A,-,9,-,EIO,True_OF_PL13B,-,J6,H1
61,PL13B,-,9,-,EIO,Comp_OF_PL13A,-,J5,J1
64,PL14A,-,9,-,EIO,True_OF_PL14B,-,J4,-
65,PL14B,-,9,-,EIO,Comp_OF_PL14A,-,J3,-
70,PL15A,-,9,-,PCLKT9_0/EIO,True_OF_PL15B,-,J2,-
71,PL15B,-,9,-,EIO,Comp_OF_PL15A,-,J1,-
74,PL16A,-,9,-,PCLKT9_1/EIO,True_OF_PL16B,-,K7,-
75,PL16B,-,9,-,EIO,Comp_OF_PL16A,-,K6,-
79,PL17A,-,9,-,PCLKT9_2/EIO,True_OF_PL17B,-,K5,-
80,PL17B,-,9,-,EIO,Comp_OF_PL17A,-,K4,-
88,PL18A,-,8,-,EIO,True_OF_PL18B,-,K3,-
89,PL18B,-,8,-,EIO,Comp_OF_PL18A,-,K2,-
93,PL20A,-,8,-,EIO,True_OF_PL20B,-,K1,-
94,PL20B,-,8,-,EIO,Comp_OF_PL20A,-,L1,-
99,PL21A,-,8,-,EIO,True_OF_PL21B,-,L2,-
100,PL21B,-,8,-,EIO,Comp_OF_PL21A,-,L3,-
102,PL22A,-,8,-,EIO,True_OF_PL22B,-,L4,-
103,PL22B,-,8,-,EIO,Comp_OF_PL22A,-,L5,-
106,PL23A,-,8,-,PCLKT8_0/EIO,True_OF_PL23B,-,L6,J2
107,PL23B,-,8,-,EIO,Comp_OF_PL23A,-,L7,J3
115,PL24A,-,8,-,EIO,True_OF_PL24B,-,M1,J4
116,PL24B,-,8,-,EIO,Comp_OF_PL24A,-,M2,J5
120,PL25A,-,8,-,EIO,True_OF_PL25B,-,M5,K1
121,PL25B,-,8,-,EIO,Comp_OF_PL25A,-,M6,K2
124,PL26A,-,8,-,EIO,True_OF_PL26B,-,L8,J6
125,PL26B,-,8,-,EIO,Comp_OF_PL26A,-,M8,K6
133,PL30A,-,8,-,EIO,True_OF_PL30B,-,N1,-
134,PL30B,-,8,-,EIO,Comp_OF_PL30A,-,N2,-
137,PL31A,-,8,-,EIO,True_OF_PL31B,-,N3,-
138,PL31B,-,8,-,EIO,Comp_OF_PL31A,-,N4,-
144,PL32A,-,8,-,EIO,True_OF_PL32B,-,M7,-
145,PL32B,-,8,-,EIO,Comp_OF_PL32A,-,N7,-
147,PL33A,-,8,-,EIO,True_OF_PL33B,-,P1,-
148,PL33B,-,8,-,EIO,Comp_OF_PL33A,-,P2,-
153,PL34A,-,8,-,EIO,True_OF_PL34B,-,P3,L2
154,PL34B,-,8,-,EIO,Comp_OF_PL34A,-,R3,L3
157,PL35A,-,8,-,EIO,True_OF_PL35B,-,P4,L4
158,PL35B,-,8,-,EIO,Comp_OF_PL35A,-,P5,L5
161,PL36A,-,8,-,EIO,True_OF_PL36B,-,P6,K5
162,PL36B,-,8,-,EIO,Comp_OF_PL36A,-,P7,L6
167,PL37A,-,8,-,PCLKT8_1/EIO,True_OF_PL37B,-,R1,L1
168,PL37B,-,8,-,EIO,Comp_OF_PL37A,-,R2,M1
171,PL38A,-,7,-,EIO,True_OF_PL38B,-,R4,-
172,PL38B,-,7,-,EIO,Comp_OF_PL38A,-,R5,-
174,PL39A,-,7,-,EIO,True_OF_PL39B,-,R6,-
175,PL39B,-,7,-,EIO,Comp_OF_PL39A,-,R7,-
180,PL40A,-,7,-,EIO,True_OF_PL40B,-,T1,-
181,PL40B,-,7,-,EIO,Comp_OF_PL40A,-,T2,-
184,PL41A,-,7,-,EIO,True_OF_PL41B,-,T3,-
185,PL41B,-,7,-,EIO,Comp_OF_PL41A,-,T4,-
191,PL42A,-,7,-,EIO,True_OF_PL42B,-,T5,M2
192,PL42B,-,7,-,EIO,Comp_OF_PL42A,-,T6,M3
197,PL43A,-,7,-,EIO,True_OF_PL43B,-,U1,M4
198,PL43B,-,7,-,EIO,Comp_OF_PL43A,-,U2,M5
202,PL44A,-,7,-,EIO,True_OF_PL44B,-,U5,N1
203,PL44B,-,7,-,EIO,Comp_OF_PL44A,-,U6,N2
208,PL45A,-,7,-,PCLKT7_0/EIO,True_OF_PL45B,-,T7,P1
209,PL45B,-,7,-,EIO,Comp_OF_PL45A,-,U7,P2
214,PL46A,-,7,-,PCLKT7_1/EIO,True_OF_PL46B,-,V1,P3
215,PL46B,-,7,-,EIO,Comp_OF_PL46A,-,V2,P4
222,PL47A,-,7,-,EIO,True_OF_PL47B,-,V3,R1
223,PL47B,-,7,-,EIO,Comp_OF_PL47A,-,V4,R2
226,PL48A,-,7,-,EIO,True_OF_PL48B,-,V5,-
227,PL48B,-,7,-,EIO,Comp_OF_PL48A,-,V6,-
230,PL49A,-,7,-,EIO,True_OF_PL49B,-,W1,-
231,PL49B,-,7,-,EIO,Comp_OF_PL49A,-,W2,-
256,PB2A,-,6,BDQ6,VREF6_1,True_OF_PB2B,TRUE,N8,R3
259,PB2B,-,6,BDQ6,-,Comp_OF_PB2A,TRUE,P8,R4
260,PB4A,-,6,BDQ6,-,True_OF_PB4B,TRUE,T8,-
263,PB6A,-,6,BDQS6,PCLKT6_0/CDR_RXP0/ADC_CP0/COMP1P,True_OF_PB6B,TRUE,W7,T2
264,PB4B,-,6,BDQ6,-,Comp_OF_PB4A,TRUE,U8,-
270,PB6B,-,6,BDQSN6,PCLKC6_0/CDR_RXN0/ADC_CN0/COMP1N,Comp_OF_PB6A,TRUE,Y7,T3
271,PB8A,-,6,BDQ6,PCLKT6_1/ADC_CP1/COMP2P,True_OF_PB8B,TRUE,W8,T4
274,PB8B,-,6,BDQ6,PCLKC6_1/ADC_CN1/COMP2N,Comp_OF_PB8A,TRUE,Y8,T5
276,PB10A,-,6,BDQ6,CDR_RXP1/ADC_CP3,True_OF_PB10B,TRUE,N9,P5
278,PB10B,-,6,BDQ6,CDR_RXN1/ADC_CN3,Comp_OF_PB10A,TRUE,P9,R5
279,PB12A,-,6,BDQ6,PCLKT6_2/ADC_CP2/COMP3P,True_OF_PB12B,TRUE,U9,R6
283,PB12B,-,6,BDQ6,PCLKC6_2/ADC_CN2/COMP3N,Comp_OF_PB12A,TRUE,V9,R7
286,PB14A,-,6,BDQ18,CDR0_TESTP/ADC_CP5,True_OF_PB14B,TRUE,N10,M6
289,PB14B,-,6,BDQ18,CDR0_TESTN/ADC_CN5,Comp_OF_PB14A,TRUE,P10,M7
290,PB16A,-,6,BDQ18,CDR1_TESTP/ADC_CP7,True_OF_PB16B,TRUE,R10,L7
293,PB16B,-,6,BDQ18,CDR1_TESTN/ADC_CN7,Comp_OF_PB16A,TRUE,T10,L8
295,PB18A,-,6,BDQS18,ADC_CP6,True_OF_PB18B,TRUE,W9,T6
297,PB18B,-,6,BDQSN18,ADC_CN6,Comp_OF_PB18A,TRUE,Y9,T7
298,PB32A,-,6,BDQ18,ADC_CP9,True_OF_PB32B,TRUE,U10,-
302,PB34A,-,6,BDQ18,PCLKT6_3/ADC_CP10,True_OF_PB34B,TRUE,W10,R8
303,PB32B,-,6,BDQ18,ADC_CN9,Comp_OF_PB32A,TRUE,V10,-
308,PB34B,-,6,BDQ18,PCLKC6_3/ADC_CN10,Comp_OF_PB34A,TRUE,Y10,T8
309,PB36A,-,6,BDQ18,-,True_OF_PB36B,TRUE,N11,N8
315,PB36B,-,6,BDQ18,VREF6_2,Comp_OF_PB36A,TRUE,P11,P8
326,PB38A,-,5,BDQ42,VREF5_1/ADC_CP4,True_OF_PB38B,TRUE,V11,P9
329,PB38B,-,5,BDQ42,ADC_CN4,Comp_OF_PB38A,TRUE,U11,N9
330,PB40A,-,5,BDQ42,COMP1IP/PCLKT5_0,True_OF_PB40B,TRUE,T11,M8
335,PB42A,-,5,BDQS42,PCLKT5_1/ADC_CP8,True_OF_PB42B,TRUE,Y11,T9
336,PB40B,-,5,BDQ42,COMP1IN/PCLKC5_0,Comp_OF_PB40A,TRUE,R11,M9
340,PB42B,-,5,BDQSN42,PCLKC5_1/ADC_CN8,Comp_OF_PB42A,TRUE,W11,R9
341,PB44A,-,5,BDQ42,COMP2IP,True_OF_PB44B,TRUE,V12,L9
344,PB44B,-,5,BDQ42,COMP2IN,Comp_OF_PB44A,TRUE,U12,L10
346,PB46A,-,5,BDQ42,PCLKT5_2/ADC_CP13,True_OF_PB46B,TRUE,Y12,T10
349,PB46B,-,5,BDQ42,PCLKC5_2/ADC_CN13,Comp_OF_PB46A,TRUE,W12,R10
350,PB48A,-,5,BDQ42,ADC_CP14,True_OF_PB48B,TRUE,N13,-
354,PB48B,-,5,BDQ42,ADC_CN14,Comp_OF_PB48A,TRUE,N12,-
356,PB50A,-,5,BDQ54,COMP3IP,True_OF_PB50B,TRUE,U13,T11
359,PB50B,-,5,BDQ54,COMP3IN,Comp_OF_PB50A,TRUE,T13,R11
360,PB52A,-,5,BDQ54,ADC_CP11,True_OF_PB52B,TRUE,P13,M11
363,PB52B,-,5,BDQ54,ADC_CN11,Comp_OF_PB52A,TRUE,R13,L11
365,PB54A,-,5,BDQS54,ADC_CP12,True_OF_PB54B,TRUE,Y13,T12
367,PB54B,-,5,BDQSN54,ADC_CN12,Comp_OF_PB54A,TRUE,W13,R12
368,PB56A,-,5,BDQ54,ADC_CP15,True_OF_PB56B,TRUE,V13,-
372,PB58A,-,5,BDQ54,PCLKT5_3/LRC_GPLL0T_MFGOUT1,True_OF_PB58B,TRUE,T14,P11
373,PB56B,-,5,BDQ54,ADC_CN15,Comp_OF_PB56A,TRUE,U14,-
379,PB58B,-,5,BDQ54,PCLKC5_3/LRC_GPLL0T_MFGOUT2,Comp_OF_PB58A,TRUE,R14,P12
380,PB60A,-,5,BDQ54,LRC_GPLL0T_IN/ATB_FORCE,True_OF_PB60B,TRUE,Y14,M12
386,PB60B,-,5,BDQ54,LRC_GPLL0C_IN/VREF5_2/ATB_SENSE,Comp_OF_PB60A,TRUE,W14,L12
400,ADC_REFP0,-,70,-,-,-,-,W15,R16
401,ADC_REFP1,-,70,-,-,-,-,Y15,T15
403,ADC_DP0,-,70,-,-,True_OF_ADC_DN0,-,Y16,R14
404,ADC_DP1,-,70,-,-,True_OF_ADC_DN1,-,Y18,T14
407,ADC_DN0,-,70,-,-,Comp_OF_ADC_DP0,-,Y17,R15
408,ADC_DN1,-,70,-,-,Comp_OF_ADC_DP1,-,Y19,T13
421,PR49A,-,4,-,EIO,True_OF_PR49B,-,V20,-
422,PR49B,-,4,-,EIO,Comp_OF_PR49A,-,V19,-
426,PR48A,-,4,-,EIO,True_OF_PR48B,-,U16,-
427,PR48B,-,4,-,EIO,Comp_OF_PR48A,-,U15,-
430,PR47A,-,4,-,EIO,True_OF_PR47B,-,U20,N14
431,PR47B,-,4,-,EIO,Comp_OF_PR47A,-,U19,P14
436,PR46A,-,4,-,PCLKT4_1/EIO,True_OF_PR46B,-,T16,P16
437,PR46B,-,4,-,EIO,Comp_OF_PR46A,-,T15,P15
443,PR45A,-,4,-,PCLKT4_0/EIO,True_OF_PR45B,-,T18,N16
444,PR45B,-,4,-,EIO,Comp_OF_PR45A,-,T17,N15
449,PR44A,-,4,-,EIO,True_OF_PR44B,-,T20,M14
450,PR44B,-,4,-,EIO,Comp_OF_PR44A,-,T19,M13
456,PR43A,-,4,-,EIO,True_OF_PR43B,-,R16,M16
457,PR43B,-,4,-,EIO,Comp_OF_PR43A,-,R15,M15
460,PR42A,-,4,-,EIO,True_OF_PR42B,-,R20,L14
461,PR42B,-,4,-,EIO,Comp_OF_PR42A,-,R19,L13
467,PR41A,-,4,-,EIO,True_OF_PR41B,-,P15,-
468,PR41B,-,4,-,EIO,Comp_OF_PR41A,-,P14,-
470,PR40A,-,4,-,EIO,True_OF_PR40B,-,P17,-
471,PR40B,-,4,-,EIO,Comp_OF_PR40A,-,P16,-
474,PR39A,-,4,-,EIO,True_OF_PR39B,-,P19,-
475,PR39B,-,4,-,EIO,Comp_OF_PR39A,-,P18,-
480,PR38A,-,4,-,EIO,True_OF_PR38B,-,N20,-
481,PR38B,-,4,-,EIO,Comp_OF_PR38A,-,P20,-
484,PR37A,-,3,-,PCLKT3_1/EIO,True_OF_PR37B,-,N15,L16
485,PR37B,-,3,-,EIO,Comp_OF_PR37A,-,N14,L15
490,PR36A,-,3,-,EIO,True_OF_PR36B,-,N17,K10
491,PR36B,-,3,-,EIO,Comp_OF_PR36A,-,N16,K9
494,PR35A,-,3,-,EIO,True_OF_PR35B,-,N19,K12
495,PR35B,-,3,-,EIO,Comp_OF_PR35A,-,N18,K11
497,PR34A,-,3,-,EIO,True_OF_PR34B,-,M12,K16
498,PR34B,-,3,-,EIO,Comp_OF_PR34A,-,M11,K15
503,PR33A,-,3,-,EIO,True_OF_PR33B,-,M14,-
504,PR33B,-,3,-,EIO,Comp_OF_PR33A,-,M13,-
509,PR32A,-,3,-,EIO,True_OF_PR32B,-,M18,-
510,PR32B,-,3,-,EIO,Comp_OF_PR32A,-,M17,-
514,PR31A,-,3,-,EIO,True_OF_PR31B,-,M20,-
515,PR31B,-,3,-,EIO,Comp_OF_PR31A,-,M19,-
518,PR30A,-,3,-,EIO,True_OF_PR30B,-,K12,-
519,PR30B,-,3,-,EIO,Comp_OF_PR30A,-,L12,-
529,PR26A,-,3,-,EIO,True_OF_PR26B,-,L14,J11
530,PR26B,-,3,-,EIO,Comp_OF_PR26A,-,L13,J10
533,PR25A,-,3,-,EIO,True_OF_PR25B,-,L16,J13
534,PR25B,-,3,-,EIO,Comp_OF_PR25A,-,L15,J12
538,PR24A,-,3,-,EIO,True_OF_PR24B,-,L20,J15
539,PR24B,-,3,-,EIO,Comp_OF_PR24A,-,L19,J14
542,PR23A,-,3,-,PCLKT3_0/EIO,True_OF_PR23B,-,K19,H15
543,PR23B,-,3,-,EIO,Comp_OF_PR23A,-,K20,J16
546,PR22A,-,3,-,EIO,True_OF_PR22B,-,K17,-
547,PR22B,-,3,-,EIO,Comp_OF_PR22A,-,K18,-
550,PR21A,-,3,-,EIO,True_OF_PR21B,-,K15,-
551,PR21B,-,3,-,EIO,Comp_OF_PR21A,-,K16,-
556,PR20A,-,3,-,EIO,True_OF_PR20B,-,K13,-
557,PR20B,-,3,-,EIO,Comp_OF_PR20A,-,K14,-
561,PR18A,-,3,-,EIO,True_OF_PR18B,-,J19,-
562,PR18B,-,3,-,EIO,Comp_OF_PR18A,-,J20,-
568,PR17A,-,2,-,EIO,True_OF_PR17B,-,J17,-
569,PR17B,-,2,-,EIO,Comp_OF_PR17A,-,J18,-
573,PR16A,-,2,-,EIO,True_OF_PR16B,-,J15,-
574,PR16B,-,2,-,EIO,Comp_OF_PR16A,-,J16,-
579,PR15A,-,2,-,EIO,True_OF_PR15B,-,J13,-
580,PR15B,-,2,-,EIO,Comp_OF_PR15A,-,J14,-
582,PR14A,-,2,-,EIO,True_OF_PR14B,-,H13,-
583,PR14B,-,2,-,EIO,Comp_OF_PR14A,-,J12,-
588,PR13A,-,2,-,EIO,True_OF_PR13B,-,H19,H13
589,PR13B,-,2,-,EIO,Comp_OF_PR13A,-,H20,H14
594,PR12A,-,2,-,EIO,True_OF_PR12B,-,H15,H11
595,PR12B,-,2,-,EIO,Comp_OF_PR12A,-,H16,H12
599,PR11A,-,2,-,SD14/S2_IN,True_OF_PR11B,-,G14,H9
600,PR11B,-,2,-,SD15/S2_OUT,Comp_OF_PR11A,-,H14,H10
603,PR10A,-,2,-,SD12/S1_IN,True_OF_PR10B,-,F20,G16
604,PR10B,-,2,-,SD13/S1_OUT,Comp_OF_PR10A,-,G20,H16
615,PR9A,-,2,-,SD9/S0_IN,True_OF_PR9B,-,G18,G12
616,PR9B,-,2,-,SD8/S0_OUT,Comp_OF_PR9A,-,G19,G13
619,PR8A,-,2,-,TCK/SCLK/PMU_EXT_CLK,True_OF_PR8B,-,G16,G10
620,PR8B,-,2,-,PMU_WAKEUPN/SD11/S4_OUT,Comp_OF_PR8A,-,G17,G11
624,PR7A,-,2,-,SD3/SDA/USER_SDA/S4_IN,True_OF_PR7B,-,F15,F11
625,PR7B,-,2,-,SD2/SCL/USER_SCL/S3_IN,Comp_OF_PR7A,-,G15,F12
631,PR6A,-,2,-,EIO,True_OF_PR6B,-,E19,G9
632,PR6B,-,2,-,TDO/SSO/SD1/S3_OUT,Comp_OF_PR6A,-,E20,F10
635,PR5A,-,2,-,SD7/PCLKT2_2,True_OF_PR5B,-,E17,E15
636,PR5B,-,2,-,TDI/SSI/SD0/S5_OUT,Comp_OF_PR5A,-,E18,F16
643,PR4A,-,2,-,SD6/PCLKT2_1/S6_OUT,True_OF_PR4B,-,E16,E13
644,PR4B,-,2,-,TMS/SCSN/S5_IN,Comp_OF_PR4A,-,F16,E14
647,PR3A,-,2,-,SD5/PCLKT2_0/S7_OUT,True_OF_PR3B,-,D19,D16
648,PR3B,-,2,-,SD10/S6_IN,Comp_OF_PR3A,-,D20,E16
654,JTAG_EN,-,2,-,-,-,-,B20,B16
655,PR2B,-,2,-,SD4/S7_IN,-,-,C20,C16
674,PT62A,-,1,-,-,True_OF_PT62B,-,A17,-
675,PT62B,-,1,-,-,Comp_OF_PT62A,-,A18,-
678,PT60A,-,1,-,-,True_OF_PT60B,-,B16,-
679,PT60B,-,1,-,-,Comp_OF_PT60A,-,B17,-
682,PT58A,-,1,-,-,True_OF_PT58B,-,C16,C15
683,PT58B,-,1,-,-,Comp_OF_PT58A,-,D16,C14
689,PT57A,-,1,-,-,True_OF_PT57B,-,D15,B15
690,PT57B,-,1,-,-,Comp_OF_PT57A,-,E15,B14
693,PT56A,-,1,-,-,True_OF_PT56B,-,B15,D15
694,PT56B,-,1,-,-,Comp_OF_PT56A,-,C15,D14
697,PT55A,-,1,-,-,True_OF_PT55B,-,A15,B13
698,PT55B,-,1,-,-,Comp_OF_PT55A,-,A16,C12
701,PT53A,-,1,-,PCLKT1_1,True_OF_PT53B,-,E14,A15
702,PT53B,-,1,-,-,Comp_OF_PT53A,-,F14,A14
707,PT52A,-,1,-,PCLKT1_0,True_OF_PT52B,-,A14,D12
708,PT52B,-,1,-,-,Comp_OF_PT52A,-,B14,E12
713,PT51A,-,1,-,DONE,True_OF_PT51B,-,F13,A13
714,PT51B,-,1,-,MCSNO/MSDO,Comp_OF_PT51A,-,G13,B12
735,PT43A,-,1,-,INITN,True_OF_PT43B,-,E13,A11
736,PT43B,-,1,-,PROGRAMN,Comp_OF_PT43A,-,F12,A12
747,PT41A,-,1,-,-,True_OF_PT41B,-,C13,D11
748,PT41B,-,1,-,-,Comp_OF_PT41A,-,D13,E11
751,PT39A,-,1,-,-,True_OF_PT39B,-,A13,B11
752,PT39B,-,1,-,-,Comp_OF_PT39A,-,B13,C11
757,PT37A,-,1,-,-,True_OF_PT37B,-,G12,A10
758,PT37B,-,1,-,-,Comp_OF_PT37A,-,H12,B10
760,PT36A,-,1,-,OSC_BURST,True_OF_PT36B,-,A12,E9
761,PT36B,-,1,-,-,Comp_OF_PT36A,-,B12,F9
766,PT35A,-,1,-,OSC_HI,True_OF_PT35B,-,G11,C9
767,PT35B,-,1,-,-,Comp_OF_PT35A,-,H11,D9
770,PT34A,-,1,-,-,True_OF_PT34B,-,E11,A9
771,PT34B,-,1,-,-,Comp_OF_PT34A,-,F11,B9
775,PT33A,-,1,-,-,True_OF_PT33B,-,C11,B8
776,PT33B,-,1,-,-,Comp_OF_PT33A,-,D11,A8
781,PT32A,-,1,-,-,True_OF_PT32B,-,A11,D8
782,PT32B,-,1,-,-,Comp_OF_PT32A,-,B11,C8
784,PT31A,-,0,-,-,True_OF_PT31B,-,B9,-
785,PT31B,-,0,-,-,Comp_OF_PT31A,-,A9,-
788,PT30A,-,0,-,-,True_OF_PT30B,-,G9,-
789,PT30B,-,0,-,-,Comp_OF_PT30A,-,F9,-
795,PT29A,-,0,-,-,True_OF_PT29B,-,H8,-
796,PT29B,-,0,-,-,Comp_OF_PT29A,-,H9,-
798,PT24A,-,0,-,-,True_OF_PT24B,-,B8,-
799,PT24B,-,0,-,-,Comp_OF_PT24A,-,A8,-
802,PT23A,-,0,-,-,True_OF_PT23B,-,D8,F8
803,PT23B,-,0,-,-,Comp_OF_PT23A,-,C8,E8
806,PT22A,-,0,-,-,True_OF_PT22B,-,E7,B7
807,PT22B,-,0,-,-,Comp_OF_PT22A,-,E8,A7
811,PT21A,-,0,-,PCLKT0_1,True_OF_PT21B,-,G8,C6
812,PT21B,-,0,-,-,Comp_OF_PT21A,-,F8,B6
816,PT20A,-,0,-,PCLKT0_0 ,True_OF_PT20B,-,B7,E6
817,PT20B,-,0,-,-,Comp_OF_PT20A,-,A7,D6
820,PT19A,-,0,-,-,True_OF_PT19B,-,G7,-
821,PT19B,-,0,-,-,Comp_OF_PT19A,-,F7,-
824,PT18A,-,0,-,-,True_OF_PT18B,-,B6,-
825,PT18B,-,0,-,-,Comp_OF_PT18A,-,A6,-
829,PT17A,-,0,-,-,True_OF_PT17B,-,D6,-
830,PT17B,-,0,-,-,Comp_OF_PT17A,-,C6,-
833,PT16A,-,0,-,-,True_OF_PT16B,-,F6,-
834,PT16B,-,0,-,-,Comp_OF_PT16A,-,E6,-
842,PT15A,-,0,-,-,True_OF_PT15B,-,C5,A5
843,PT15B,-,0,-,-,Comp_OF_PT15A,-,B5,A6
846,PT14A,-,0,-,-,True_OF_PT14B,-,E5,C5
847,PT14B,-,0,-,-,Comp_OF_PT14A,-,D5,B5
853,PT13A,-,0,-,-,True_OF_PT13B,-,E4,E5
854,PT13B,-,0,-,-,Comp_OF_PT13A,-,F5,D5
856,PT12A,-,0,-,-,True_OF_PT12B,-,B4,B4
857,PT12B,-,0,-,-,Comp_OF_PT12A,-,A5,A4
862,PT11A,-,0,-,-,True_OF_PT11B,-,B3,D3
863,PT11B,-,0,-,-,Comp_OF_PT11A,-,A4,E4
866,PT10A,-,0,-,-,True_OF_PT10B,-,D3,C3
867,PT10B,-,0,-,-,Comp_OF_PT10A,-,C3,B3
873,PT9A,-,0,-,-,True_OF_PT9B,-,A2,A2
874,PT9B,-,0,-,-,Comp_OF_PT9A,-,A3,A3
877,PT8A,-,0,-,-,True_OF_PT8B,-,C2,C2
878,PT8B,-,0,-,-,Comp_OF_PT8A,-,B2,B2
0,VSS,-,99,-,-,-,-,A20,A16
0,VSS,-,99,-,-,-,-,Y20,T16
0,VSS,-,99,-,-,-,-,F18,G15
0,VSS,-,99,-,-,-,-,H18,F14
0,VSS,-,99,-,-,-,-,U18,D13
0,VSS,-,99,-,-,-,-,D17,K13
0,VSS,-,99,-,-,-,-,L17,N12
0,VSS,-,99,-,-,-,-,R17,D10
0,VSS,-,99,-,-,-,-,M16,N10
0,VSS,-,99,-,-,-,-,V15,H8
0,VSS,-,99,-,-,-,-,D14,J8
0,VSS,-,99,-,-,-,-,D12,D7
0,VSS,-,99,-,-,-,-,R12,J7
0,VSS,-,99,-,-,-,-,J10,P7
0,VSS,-,99,-,-,-,-,K10,N6
0,VSS,-,99,-,-,-,-,L10,D4
0,VSS,-,99,-,-,-,-,D9,G4
0,VSS,-,99,-,-,-,-,L9,K4
0,VSS,-,99,-,-,-,-,R9,N4
0,VSS,-,99,-,-,-,-,D7,F3
0,VSS,-,99,-,-,-,-,V7,A1
0,VSS,-,99,-,-,-,-,N5,T1
0,VSS,-,99,-,-,-,-,D4,-
0,VSS,-,99,-,-,-,-,M4,-
0,VSS,-,99,-,-,-,-,U4,-
0,VSS,-,99,-,-,-,-,F3,-
0,VSS,-,99,-,-,-,-,H3,-
0,VSS,-,99,-,-,-,-,W3,-
0,VSS,-,99,-,-,-,-,A1,-
0,VSS,-,99,-,-,-,-,Y1,-
0,VSSADC,-,70,-,-,-,-,W17,P13
0,VCC,-,99,-,-,-,-,F17,F13
0,VCC,-,99,-,-,-,-,K11,K7
0,VCC,-,99,-,-,-,-,K9,F4
0,VCC,-,99,-,-,-,-,M9,-
0,VCC,-,99,-,-,-,-,F4,-
0,VCCECLK,VCC,99,-,-,-,-,M10,K8
0,VCCADC18,-,70,-,-,-,-,W16,R13
0,VCCAUX,-,99,-,-,-,-,E12,E10
0,VCCAUX,-,99,-,-,-,-,L11,J9
0,VCCAUX,-,99,-,-,-,-,J9,-
0,VCCAUXA,VCCAUX,99,-,-,-,-,J11,G8
0,VCCAUXA,VCCAUX,99,-,-,-,-,E9,E7
0,VCCAUXH5,VCCAUX,99,-,-,-,-,P12,M10
0,VCCAUXH6,VCCAUX,99,-,-,-,-,R8,N5
0,VCCIO0,-,0,-,-,-,-,C9,C7
0,VCCIO0,-,0,-,-,-,-,C7,C4
0,VCCIO0,-,0,-,-,-,-,C4,-
0,VCCIO1,-,1,-,-,-,-,C17,C13
0,VCCIO1,-,1,-,-,-,-,C14,C10
0,VCCIO1,-,1,-,-,-,-,C12,-
0,VCCIO2,-,2,-,-,-,-,F19,F15
0,VCCIO2,-,2,-,-,-,-,H17,G14
0,VCCIO3,-,3,-,-,-,-,L18,K14
0,VCCIO3,-,3,-,-,-,-,M15,-
0,VCCIO4,-,4,-,-,-,-,R18,N13
0,VCCIO4,-,4,-,-,-,-,U17,-
0,VCCIO5,-,5,-,-,-,-,V14,N11
0,VCCIO5,-,5,-,-,-,-,T12,P10
0,VCCIO6,-,6,-,-,-,-,T9,N7
0,VCCIO6,-,6,-,-,-,-,V8,P6
0,VCCIO7,-,7,-,-,-,-,W4,N3
0,VCCIO7,-,7,-,-,-,-,U3,-
0,VCCIO8,-,8,-,-,-,-,N6,K3
0,VCCIO8,-,8,-,-,-,-,M3,-
0,VCCIO9,-,9,-,-,-,-,H4,G3
0,VCCIO9,-,9,-,-,-,-,F2,F2
0,NC_PL71,-,99,-,-,-,-,W5,-
0,NC_PL72,-,99,-,-,-,-,W6,-
0,NC_PL73,-,99,-,-,-,-,Y2,-
0,NC_PL74,-,99,-,-,-,-,Y3,-
0,NC_PL75,-,99,-,-,-,-,Y4,-
0,NC_PL76,-,99,-,-,-,-,Y5,-
0,NC_PL77,-,99,-,-,-,-,Y6,-
0,NC_PR41,-,99,-,-,-,-,V18,-
0,NC_PR42,-,99,-,-,-,-,V17,-
0,NC_PR43,-,99,-,-,-,-,V16,-
0,NC_PR44,-,99,-,-,-,-,W20,-
0,NC_PR45,-,99,-,-,-,-,W19,-
0,NC_PR46,-,99,-,-,-,-,W18,-
0,NC_PT01,-,99,-,-,-,-,A10,-
0,NC_PT02,-,99,-,-,-,-,B10,-
0,NC_PT03,-,99,-,-,-,-,C10,-
0,NC_PT04,-,99,-,-,-,-,D10,-
0,NC_PT05,-,99,-,-,-,-,B18,-
0,NC_PT06,-,99,-,-,-,-,C18,-
0,NC_PT07,-,99,-,-,-,-,E10,-
0,NC_PT08,-,99,-,-,-,-,F10,-
0,NC_PT09,-,99,-,-,-,-,G10,-
0,NC_PT10,-,99,-,-,-,-,H10,-
0,NC_PT11,-,99,-,-,-,-,A19,-
0,NC_PT12,-,99,-,-,-,-,B19,-
0,NC_PT13,-,99,-,-,-,-,C19,-
0,NC_PT14,-,99,-,-,-,-,D18,-
